,x,y,w,h,Total_Faces,Image_Name
0,93,140,391,391,1,real_00251.jpg
1,56,78,473,473,1,real_00537.jpg
2,116,151,382,382,1,real_00523.jpg
3,82,135,395,395,1,real_00245.jpg
4,153,211,371,371,1,real_00279.jpg
5,189,214,350,350,1,real_00292.jpg
6,90,197,384,384,1,real_00286.jpg
7,505,164,60,60,2,real_00735.jpg
8,125,148,391,391,1,real_00053.jpg
9,124,105,418,418,2,real_00047.jpg
10,36,86,348,348,1,real_00721.jpg
11,0,0,0,0,0,0
12,70,77,480,480,1,real_00090.jpg
13,36,99,473,473,1,real_00084.jpg
14,0,0,0,0,0,0
15,97,143,376,376,1,real_00906.jpg
16,138,127,394,394,1,real_00641.jpg
17,51,151,402,402,1,real_00899.jpg
18,97,174,351,351,1,real_00127.jpg
19,51,25,482,482,1,real_00133.jpg
20,0,0,0,0,0,0
21,113,121,427,427,1,real_00669.jpg
22,125,193,390,390,1,real_00682.jpg
23,50,32,488,488,1,real_00696.jpg
24,64,82,452,452,1,real_00866.jpg
25,0,0,0,0,0,0
26,102,161,408,408,1,real_00325.jpg
27,0,0,0,0,0,0
28,84,126,421,421,1,real_00457.jpg
29,115,126,435,435,1,real_00331.jpg
30,0,0,0,0,0,0
31,74,54,464,464,1,real_01007.jpg
32,115,126,435,435,1,real_00331(1).jpg
33,89,104,57,57,1,real_01013.jpg
34,76,164,416,416,1,real_00480.jpg
35,89,137,420,420,1,real_00494.jpg
36,0,0,0,0,0,0
37,146,150,415,415,1,real_00495.jpg
38,58,99,462,462,1,real_00481.jpg
39,114,49,462,462,1,real_01012.jpg
40,53,120,431,431,1,real_01006.jpg
41,0,0,0,0,0,0
42,106,109,428,428,1,real_00456.jpg
43,56,71,474,474,1,real_00330.jpg
44,78,103,418,418,1,real_00324.jpg
45,87,118,423,423,1,real_00442.jpg
46,106,109,428,428,1,real_00456(1).jpg
47,29,19,530,530,1,real_00873.jpg
48,67,46,476,476,2,real_00867.jpg
49,0,0,0,0,0,0
50,0,0,0,0,0,0
51,105,181,365,365,1,real_00668.jpg
52,70,92,441,441,1,real_00132.jpg
53,87,76,430,430,1,real_00654.jpg
54,111,168,378,378,1,real_00898.jpg
55,62,97,445,445,1,real_00640.jpg
56,98,135,432,432,1,real_00126.jpg
57,77,121,394,394,1,real_00907.jpg
58,42,72,522,522,1,real_00913.jpg
59,48,59,470,470,1,real_00085.jpg
60,0,0,0,0,0,0
61,113,147,408,408,1,real_00708.jpg
62,52,133,428,428,1,real_00046.jpg
63,55,165,392,392,1,real_00720.jpg
64,52,105,445,445,1,real_00734.jpg
65,107,205,363,363,1,real_00052.jpg
66,156,174,397,397,1,real_00287.jpg
67,82,113,452,452,1,real_00293.jpg
68,97,191,363,363,1,real_00278.jpg
69,0,0,0,0,0,0
70,103,137,416,416,1,real_00244.jpg
71,0,0,0,0,0,0
72,0,0,0,0,0,0
73,33,105,433,433,1,real_00246.jpg
74,61,136,390,390,1,real_00520.jpg
75,136,221,335,335,1,real_00534.jpg
76,110,161,386,386,1,real_00252.jpg
77,70,84,462,462,1,real_00508.jpg
78,34,99,468,468,1,real_00285.jpg
79,69,149,419,419,1,real_00291.jpg
80,0,0,0,0,0,0
81,96,123,420,420,1,real_00044.jpg
82,186,146,363,363,1,real_00050.jpg
83,228,192,308,308,1,real_00736.jpg
84,69,107,438,438,1,real_00078.jpg
85,59,43,449,449,1,real_00939.jpg
86,105,206,349,349,1,real_00087.jpg
87,106,152,430,430,1,real_00093.jpg
88,470,254,109,109,3,real_00905.jpg
89,52,120,462,462,2,real_00911.jpg
90,102,332,80,80,1,real_00656.jpg
91,105,113,387,387,1,real_00130.jpg
92,113,164,389,389,1,real_00124.jpg
93,80,163,389,389,1,real_00642.jpg
94,0,0,0,0,0,0
95,11,135,415,415,1,real_00695.jpg
96,58,99,462,462,1,real_00481(1).jpg
97,131,158,384,384,1,real_00859.jpg
98,56,138,379,379,1,real_00681.jpg
99,73,124,444,444,1,real_00871.jpg
100,28,69,492,492,1,real_00865.jpg
101,112,166,396,396,1,real_00332.jpg
102,58,91,445,445,1,real_00454.jpg
103,113,124,404,404,1,real_00440.jpg
104,0,0,0,0,0,0
105,183,165,347,347,1,real_01038.jpg
106,34,107,430,430,1,real_01010.jpg
107,96,104,434,434,1,real_00468.jpg
108,51,71,489,489,1,real_01004.jpg
109,117,220,343,343,1,real_00497.jpg
110,47,44,497,497,1,real_00483.jpg
111,11,26,501,501,1,real_00482.jpg
112,90,182,364,364,1,real_00496.jpg
113,0,0,0,0,0,0
114,63,134,441,441,1,real_01011.jpg
115,128,224,343,343,1,real_00469.jpg
116,74,67,431,431,1,real_00441.jpg
117,163,123,403,403,1,real_01039.jpg
118,0,0,0,0,0,0
119,28,85,444,444,1,real_00333.jpg
120,93,187,387,387,1,real_00455.jpg
121,68,145,395,395,1,real_00864.jpg
122,0,0,0,0,0,0
123,72,100,466,466,1,real_00680.jpg
124,98,119,429,429,1,real_00858.jpg
125,108,167,376,376,1,real_00694.jpg
126,171,100,402,402,1,real_00119.jpg
127,82,131,397,397,1,real_00125.jpg
128,82,66,434,434,1,real_00643.jpg
129,73,98,425,425,1,real_00657.jpg
130,120,179,374,374,1,real_00131.jpg
131,0,0,0,0,0,0
132,0,0,0,0,0,0
133,47,189,391,391,1,real_00092.jpg
134,95,106,447,447,1,real_00938.jpg
135,0,0,0,0,0,0
136,40,138,408,408,1,real_00079.jpg
137,66,176,337,337,1,real_00051.jpg
138,117,177,390,390,1,real_00737.jpg
139,0,0,0,0,0,0
140,161,141,392,392,1,real_00045.jpg
141,79,110,448,448,1,real_00290.jpg
142,28,166,409,409,1,real_00284.jpg
143,106,243,337,337,1,real_00509.jpg
144,109,151,409,409,1,real_00535.jpg
145,51,25,456,456,1,real_00253.jpg
146,0,0,0,0,0,0
147,70,148,408,408,1,real_00521.jpg
148,0,0,0,0,0,0
149,60,71,449,449,1,real_00525.jpg
150,60,156,366,366,1,real_00243.jpg
151,87,109,440,440,1,real_00257.jpg
152,116,156,404,404,1,real_00531.jpg
153,0,0,0,0,0,0
154,128,164,388,388,1,real_00294.jpg
155,33,83,504,504,1,real_00069.jpg
156,61,79,437,437,1,real_00041.jpg
157,71,140,411,411,1,real_00727.jpg
158,353,166,131,131,2,real_00733.jpg
159,201,301,106,106,2,real_00055.jpg
160,129,99,420,420,1,real_00900.jpg
161,172,133,389,389,1,real_00914.jpg
162,63,88,479,479,1,real_00082.jpg
163,125,180,333,333,1,real_00928.jpg
164,78,131,432,432,1,real_00096.jpg
165,44,55,505,505,1,real_00109.jpg
166,95,193,386,386,1,real_00135.jpg
167,52,206,255,255,1,real_00653.jpg
168,115,124,393,393,1,real_00647.jpg
169,58,113,454,454,1,real_00121.jpg
170,75,163,399,399,1,real_00874.jpg
171,39,23,504,504,1,real_00860.jpg
172,44,175,343,343,1,real_00848.jpg
173,128,129,429,429,1,real_00690.jpg
174,267,257,78,78,1,real_00684.jpg
175,78,96,444,444,1,real_01015.jpg
176,462,26,91,91,2,real_01001.jpg
177,38,13,500,500,2,real_00479.jpg
178,138,153,358,358,1,real_00451.jpg
179,87,132,418,418,1,real_00337.jpg
180,68,207,373,373,1,real_01029.jpg
181,0,0,0,0,0,0
182,37,87,472,472,1,real_00445.jpg
183,87,93,470,470,1,real_00492.jpg
184,0,0,0,0,0,0
185,38,74,464,464,1,real_00487.jpg
186,0,0,0,0,0,0
187,102,209,380,380,1,real_00322.jpg
188,25,15,503,503,1,real_00444.jpg
189,87,135,430,430,1,real_00450.jpg
190,85,142,394,394,1,real_01028.jpg
191,49,193,369,369,1,real_00336.jpg
192,66,93,429,429,1,real_01000.jpg
193,66,141,386,386,1,real_00478.jpg
194,0,0,0,0,0,0
195,125,50,456,456,1,real_00685.jpg
196,0,0,0,0,0,0
197,79,129,397,397,1,real_00849.jpg
198,81,56,473,473,1,real_00861.jpg
199,0,0,0,0,0,0
200,64,16,508,508,1,real_00646.jpg
201,72,99,466,466,1,real_00120.jpg
202,65,95,459,459,1,real_00134.jpg
203,0,0,0,0,0,0
204,70,147,440,440,1,real_00108.jpg
205,434,76,97,97,2,real_00929.jpg
206,0,0,0,0,0,0
207,126,241,343,343,1,real_00083.jpg
208,58,170,379,379,1,real_00915.jpg
209,213,168,146,146,1,real_00901.jpg
210,92,156,389,389,1,real_00732.jpg
211,127,131,421,421,1,real_00054.jpg
212,95,163,305,305,1,real_00040.jpg
213,74,148,377,377,1,real_00726.jpg
214,75,154,412,412,1,real_00068.jpg
215,61,99,442,442,1,real_00295.jpg
216,72,160,404,404,1,real_00281.jpg
217,120,146,389,389,1,real_00256.jpg
218,182,110,408,408,1,real_00530.jpg
219,94,170,372,372,1,real_00524.jpg
220,99,159,379,379,1,real_00242.jpg
221,52,141,406,406,2,real_00518.jpg
222,65,147,380,380,1,real_00268.jpg
223,166,195,362,362,1,real_00532.jpg
224,105,189,390,390,1,real_00254.jpg
225,0,0,0,0,0,0
226,142,137,408,408,1,real_00526.jpg
227,109,198,366,366,1,real_00297.jpg
228,45,132,423,423,1,real_00283.jpg
229,309,133,273,273,2,real_00718.jpg
230,0,0,0,0,0,0
231,165,167,402,402,2,real_00730.jpg
232,147,94,362,362,1,real_00724.jpg
233,0,0,0,0,0,0
234,0,0,0,0,0,0
235,106,171,398,398,1,real_00903.jpg
236,62,142,418,418,1,real_00095.jpg
237,0,0,0,0,0,0
238,35,98,439,439,1,real_00678.jpg
239,30,71,508,508,1,real_00122.jpg
240,148,221,291,291,1,real_00644.jpg
241,384,109,61,61,1,real_00650.jpg
242,0,0,0,0,0,0
243,49,112,441,441,1,real_00136.jpg
244,106,153,386,386,1,real_00863.jpg
245,0,0,0,0,0,0
246,72,103,457,457,1,real_00687.jpg
247,115,156,383,383,1,real_00693.jpg
248,49,138,411,411,1,real_01002.jpg
249,52,162,77,77,1,real_00308.jpg
250,82,115,418,418,1,real_01016.jpg
251,73,109,434,434,1,real_00446.jpg
252,0,0,0,0,0,0
253,75,168,396,396,1,real_00334.jpg
254,45,189,244,244,1,real_00452.jpg
255,46,167,390,390,1,real_00485.jpg
256,26,114,435,435,1,real_00491.jpg
257,103,146,415,415,1,real_00490.jpg
258,0,0,0,0,0,0
259,0,0,0,0,0,0
260,69,106,461,461,1,real_00453.jpg
261,68,81,477,477,1,real_00447.jpg
262,49,70,452,452,1,real_00321.jpg
263,92,95,436,436,1,real_01017.jpg
264,0,0,0,0,0,0
265,88,141,406,406,1,real_01003.jpg
266,0,0,0,0,0,0
267,0,0,0,0,0,0
268,115,160,411,411,1,real_00876.jpg
269,190,198,357,357,1,real_00862.jpg
270,122,178,376,376,1,real_00889.jpg
271,70,105,421,421,1,real_00651.jpg
272,83,125,443,443,1,real_00137.jpg
273,117,154,404,404,1,real_00123.jpg
274,92,124,401,401,1,real_00645.jpg
275,72,68,417,417,1,real_00679.jpg
276,131,129,438,438,1,real_00080.jpg
277,22,41,538,538,1,real_00094.jpg
278,55,77,472,472,1,real_00902.jpg
279,69,88,466,466,1,real_00916.jpg
280,47,107,438,438,1,real_00725.jpg
281,142,119,439,439,1,real_00043.jpg
282,0,0,0,0,0,0
283,85,150,408,408,1,real_00731.jpg
284,118,204,343,343,1,real_00719.jpg
285,0,0,0,0,0,0
286,123,175,405,405,1,real_00296.jpg
287,81,120,415,415,1,real_00241.jpg
288,68,105,432,432,1,real_00527.jpg
289,114,107,440,440,1,real_00533.jpg
290,378,224,100,100,1,real_00255.jpg
291,0,0,0,0,0,0
292,98,152,405,405,1,real_00554.jpg
293,64,96,432,432,1,real_00232.jpg
294,104,89,443,443,1,real_00226.jpg
295,121,154,416,416,1,real_00540.jpg
296,52,21,508,508,1,real_00568.jpg
297,64,54,475,475,1,real_00597.jpg
298,195,320,80,80,1,real_00583.jpg
299,96,170,387,387,1,real_00030.jpg
300,113,140,401,401,1,real_00756.jpg
301,0,0,0,0,0,0
302,64,60,503,503,1,real_00024.jpg
303,0,0,0,0,0,0
304,146,156,405,405,1,real_00795.jpg
305,77,149,415,415,1,real_00781.jpg
306,142,113,395,395,1,real_00959.jpg
307,0,0,0,0,0,0
308,71,90,455,455,1,real_00965.jpg
309,75,93,450,450,1,real_00144.jpg
310,45,111,476,476,2,real_00622.jpg
311,23,51,475,475,1,real_00636.jpg
312,42,87,484,484,1,real_00150.jpg
313,36,51,484,484,1,real_00178.jpg
314,85,28,411,411,1,real_00187.jpg
315,73,167,403,403,1,real_00839.jpg
316,0,0,0,0,0,0
317,117,139,406,406,1,real_00805.jpg
318,87,91,446,446,1,real_00811.jpg
319,18,157,349,349,1,real_00420.jpg
320,105,56,455,455,1,real_00346.jpg
321,83,102,437,437,1,real_01058.jpg
322,110,157,380,380,1,real_00352.jpg
323,120,197,347,347,1,real_00434.jpg
324,113,152,401,401,1,real_01064.jpg
325,93,146,412,412,1,real_01070.jpg
326,66,59,467,467,1,real_00408.jpg
327,505,100,61,61,1,real_00385.jpg
328,104,133,389,389,1,real_00391.jpg
329,69,65,480,480,1,real_00390.jpg
330,0,0,0,0,0,0
331,136,207,348,348,1,real_01071.jpg
332,30,117,348,348,1,real_00409.jpg
333,107,178,394,394,1,real_01065.jpg
334,145,197,335,335,1,real_00353.jpg
335,0,0,0,0,0,0
336,99,157,401,401,1,real_00421.jpg
337,39,129,409,409,1,real_01059.jpg
338,0,0,0,0,0,0
339,74,155,402,402,1,real_00810.jpg
340,0,0,0,0,0,0
341,25,174,413,413,1,real_00192.jpg
342,100,100,444,444,1,real_00186.jpg
343,47,80,470,470,1,real_00838.jpg
344,146,150,415,415,1,real_00495(1).jpg
345,209,186,357,357,1,real_00179.jpg
346,114,162,389,389,1,real_00637.jpg
347,79,117,430,430,1,real_00151.jpg
348,90,120,415,415,1,real_00145.jpg
349,0,0,0,0,0,0
350,52,113,451,451,1,real_00964.jpg
351,0,0,0,0,0,0
352,66,185,401,401,1,real_00958.jpg
353,158,192,356,356,1,real_00780.jpg
354,88,129,422,422,1,real_00794.jpg
355,94,212,354,354,1,real_00019.jpg
356,78,69,485,485,2,real_00743.jpg
357,91,121,438,438,1,real_00025.jpg
358,12,159,420,420,1,real_00031.jpg
359,99,170,369,369,1,real_00757.jpg
360,79,203,62,62,1,real_00582.jpg
361,81,89,432,432,2,real_00596.jpg
362,462,208,113,113,1,real_00569.jpg
363,93,120,432,432,1,real_00227.jpg
364,59,141,398,398,1,real_00541.jpg
365,88,132,406,406,1,real_00555.jpg
366,73,119,429,429,1,real_00233.jpg
367,161,515,32,32,1,real_00543.jpg
368,99,186,395,395,1,real_00225.jpg
369,90,172,337,337,1,real_00231.jpg
370,167,149,398,398,1,real_00557.jpg
371,535,437,60,60,2,real_00219.jpg
372,0,0,0,0,0,0
373,96,116,449,449,1,real_00594.jpg
374,28,60,501,501,1,real_00027.jpg
375,92,104,425,425,1,real_00999.jpg
376,70,169,408,408,1,real_00741.jpg
377,75,144,435,435,1,real_00755.jpg
378,59,50,483,483,1,real_00033.jpg
379,52,67,393,393,1,real_00769.jpg
380,98,166,378,378,1,real_00782.jpg
381,145,125,404,404,1,real_00796.jpg
382,74,8,430,430,1,real_00966.jpg
383,48,77,463,463,1,real_00972.jpg
384,118,373,94,94,1,real_00153.jpg
385,35,136,409,409,1,real_00635.jpg
386,105,175,406,406,1,real_00621.jpg
387,0,0,0,0,0,0
388,0,0,0,0,0,0
389,34,68,448,448,1,real_00190.jpg
390,111,204,373,373,1,real_00184.jpg
391,54,47,500,500,1,real_00812.jpg
392,85,147,417,417,1,real_00806.jpg
393,64,93,449,449,1,real_00437.jpg
394,110,238,357,357,1,real_00351.jpg
395,137,102,414,414,1,real_00345.jpg
396,84,128,73,73,1,real_00423.jpg
397,83,150,408,408,1,real_01073.jpg
398,54,153,425,425,1,real_00379.jpg
399,208,165,346,346,1,real_01067.jpg
400,132,151,384,384,1,real_00392.jpg
401,110,75,426,426,1,real_00386.jpg
402,81,120,437,437,1,real_00387.jpg
403,133,169,403,403,1,real_00393.jpg
404,77,113,404,404,1,real_01066.jpg
405,78,166,407,407,1,real_00378.jpg
406,98,165,369,369,1,real_01072.jpg
407,49,41,508,508,1,real_00344.jpg
408,81,62,452,452,1,real_00422.jpg
409,102,124,421,421,1,real_00436.jpg
410,0,0,0,0,0,0
411,0,0,0,0,0,0
412,61,82,462,462,1,real_00813.jpg
413,107,168,381,381,1,real_00185.jpg
414,314,448,68,68,1,real_00191.jpg
415,0,0,0,0,0,0
416,70,177,391,391,1,real_00620.jpg
417,0,0,0,0,0,0
418,71,164,381,381,1,real_00152.jpg
419,51,167,375,375,1,real_00634.jpg
420,161,123,345,345,1,real_00973.jpg
421,60,118,430,430,1,real_00967.jpg
422,0,0,0,0,0,0
423,62,33,476,476,1,real_00783.jpg
424,134,161,396,396,1,real_00768.jpg
425,94,144,416,416,1,real_00754.jpg
426,117,169,403,403,1,real_00032.jpg
427,17,84,466,466,2,real_00026.jpg
428,16,121,414,414,1,real_00740.jpg
429,44,73,480,480,1,real_00998.jpg
430,72,121,439,439,1,real_00595.jpg
431,83,93,430,430,1,real_00581.jpg
432,71,19,478,478,1,real_00218.jpg
433,120,210,369,369,1,real_00230.jpg
434,67,167,386,386,1,real_00556.jpg
435,10,244,52,52,2,real_00542.jpg
436,0,0,0,0,0,0
437,102,123,421,421,1,real_00208.jpg
438,37,156,399,399,1,real_00220.jpg
439,62,113,441,441,1,real_00546.jpg
440,87,58,451,451,1,real_00552.jpg
441,99,105,410,410,1,real_00234.jpg
442,107,152,403,403,1,real_00585.jpg
443,160,176,377,377,1,real_00591.jpg
444,161,137,403,403,1,real_00778.jpg
445,89,168,389,389,1,real_00744.jpg
446,43,46,452,452,1,real_00022.jpg
447,222,204,279,279,1,real_00036.jpg
448,148,154,417,417,1,real_00988.jpg
449,84,167,408,408,1,real_00750.jpg
450,202,176,324,324,1,real_00963.jpg
451,88,52,432,432,2,real_00977.jpg
452,15,51,508,508,1,real_00787.jpg
453,0,0,0,0,0,0
454,54,154,383,383,1,real_00618.jpg
455,0,0,0,0,0,0
456,167,188,378,378,1,real_00156.jpg
457,75,110,422,422,1,real_00142.jpg
458,87,122,402,402,1,real_00624.jpg
459,131,193,344,344,1,real_00817.jpg
460,105,28,469,469,1,real_00803.jpg
461,76,159,335,335,1,real_00195.jpg
462,56,161,411,411,1,real_00181.jpg
463,103,144,413,413,1,real_00368.jpg
464,66,123,432,432,1,real_01076.jpg
465,34,159,359,359,1,real_01062.jpg
466,147,143,424,424,2,real_00354.jpg
467,63,126,444,444,1,real_00432.jpg
468,0,0,0,0,0,0
469,77,123,425,425,1,real_00340.jpg
470,115,153,402,402,1,real_00397.jpg
471,22,59,495,495,1,real_00383.jpg
472,96,111,413,413,1,real_00382.jpg
473,101,168,369,369,1,real_00396.jpg
474,62,122,460,460,1,real_00427.jpg
475,0,0,0,0,0,0
476,107,177,403,403,1,real_00355.jpg
477,0,0,0,0,0,0
478,146,213,339,339,1,real_01063.jpg
479,93,167,402,402,1,real_01077.jpg
480,0,0,0,0,0,0
481,116,199,380,380,1,real_00180.jpg
482,57,142,389,389,1,real_00194.jpg
483,91,116,444,444,1,real_00802.jpg
484,98,162,390,390,1,real_00816.jpg
485,178,143,348,348,1,real_00143.jpg
486,306,287,240,240,1,real_00625.jpg
487,48,119,433,433,1,real_00631.jpg
488,65,58,454,454,1,real_00157.jpg
489,121,148,396,396,1,real_00619.jpg
490,72,91,453,453,1,real_00792.jpg
491,91,124,408,408,1,real_00786.jpg
492,108,255,341,341,1,real_00976.jpg
493,0,0,0,0,0,0
494,52,82,508,508,1,real_00037.jpg
495,85,158,421,421,1,real_00751.jpg
496,89,170,374,374,1,real_00989.jpg
497,95,132,432,432,1,real_00745.jpg
498,60,42,481,481,1,real_00023.jpg
499,73,191,370,370,1,real_00779.jpg
500,181,178,367,367,1,real_00590.jpg
501,85,145,414,414,1,real_00584.jpg
502,62,85,468,468,1,real_00553.jpg
503,110,127,434,434,1,real_00235.jpg
504,77,139,408,408,1,real_00221.jpg
505,108,170,358,358,1,real_00547.jpg
506,114,200,362,362,1,real_00209.jpg
507,57,80,452,452,1,real_00579.jpg
508,49,54,497,497,1,real_00237.jpg
509,82,135,411,411,1,real_00551.jpg
510,67,84,451,451,1,real_00545.jpg
511,0,0,0,0,0,0
512,140,141,401,401,1,real_00592.jpg
513,83,109,444,444,1,real_00586.jpg
514,0,0,0,0,0,0
515,96,159,397,397,1,real_00753.jpg
516,112,175,392,392,1,real_00035.jpg
517,0,0,0,0,0,0
518,96,208,352,352,1,real_00747.jpg
519,47,72,462,462,1,real_00974.jpg
520,102,197,365,365,1,real_00960.jpg
521,99,169,386,386,1,real_00790.jpg
522,43,10,494,494,1,real_00948.jpg
523,111,160,415,415,1,real_00784.jpg
524,169,181,398,398,1,real_00169.jpg
525,0,0,0,0,0,0
526,86,134,417,417,1,real_00141.jpg
527,0,0,0,0,0,0
528,162,92,404,404,1,real_00633.jpg
529,0,0,0,0,0,0
530,45,75,450,450,1,real_00814.jpg
531,120,205,358,358,1,real_00182.jpg
532,44,138,427,427,1,real_00196.jpg
533,118,65,459,459,1,real_00828.jpg
534,95,186,364,364,1,real_01061.jpg
535,26,39,441,441,1,real_00419.jpg
536,100,159,384,384,1,real_01075.jpg
537,57,193,384,384,1,real_00343.jpg
538,71,139,428,428,1,real_00425.jpg
539,128,127,404,404,1,real_00431.jpg
540,126,200,354,354,1,real_00357.jpg
541,159,212,343,343,1,real_01049.jpg
542,166,149,334,334,1,real_00380.jpg
543,89,103,452,452,1,real_00394.jpg
544,98,97,426,426,1,real_00395.jpg
545,56,89,440,440,1,real_00381.jpg
546,100,124,430,430,1,real_00430.jpg
547,71,153,386,386,1,real_01048.jpg
548,43,136,442,442,1,real_00356.jpg
549,0,0,0,0,0,0
550,45,73,459,459,1,real_00424.jpg
551,76,97,431,431,1,real_01074.jpg
552,91,130,404,404,1,real_01060.jpg
553,123,135,392,392,1,real_00418.jpg
554,48,211,358,358,1,real_00197.jpg
555,74,140,432,432,1,real_00829.jpg
556,61,137,437,437,1,real_00183.jpg
557,16,170,407,407,1,real_00815.jpg
558,243,279,193,193,1,real_00801.jpg
559,61,152,402,402,1,real_00154.jpg
560,0,0,0,0,0,0
561,82,134,417,417,1,real_00626.jpg
562,94,164,399,399,1,real_00140.jpg
563,116,178,376,376,1,real_00168.jpg
564,147,140,393,393,1,real_00785.jpg
565,41,213,50,50,2,real_00949.jpg
566,79,72,437,437,1,real_00791.jpg
567,78,165,403,403,1,real_00961.jpg
568,115,103,404,404,1,real_00975.jpg
569,0,0,0,0,0,0
570,0,0,0,0,0,0
571,151,184,382,382,1,real_00752.jpg
572,0,0,0,0,0,0
573,253,217,245,245,2,real_00008.jpg
574,58,83,454,454,1,real_00587.jpg
575,123,243,91,91,2,real_00593.jpg
576,0,0,0,0,0,0
577,158,312,245,245,1,real_00222.jpg
578,36,77,485,485,1,real_00236.jpg
579,32,69,492,492,1,real_00550.jpg
580,115,81,432,432,1,real_00578.jpg
581,101,100,404,404,1,real_00575.jpg
582,61,93,455,455,1,real_00213.jpg
583,41,140,406,406,1,real_00207.jpg
584,66,150,359,359,1,real_00561.jpg
585,78,152,422,422,1,real_00549.jpg
586,84,120,435,435,1,real_00011.jpg
587,132,143,391,391,1,real_00777.jpg
588,135,98,450,450,1,real_00763.jpg
589,0,0,0,0,0,0
590,192,85,359,359,1,real_00993.jpg
591,47,123,417,417,1,real_00987.jpg
592,0,0,0,0,0,0
593,40,71,483,483,1,real_00978.jpg
594,0,0,0,0,0,0
595,140,172,382,382,1,real_00950.jpg
596,23,147,437,437,1,real_00944.jpg
597,197,95,388,388,2,real_00165.jpg
598,13,153,411,411,1,real_00603.jpg
599,102,179,359,359,1,real_00617.jpg
600,74,102,439,439,1,real_00171.jpg
601,114,102,434,434,1,real_00159.jpg
602,0,0,0,0,0,0
603,68,143,417,417,1,real_00824.jpg
604,96,153,402,402,1,real_00830.jpg
605,75,84,451,451,1,real_00401.jpg
606,61,136,424,424,1,real_00367.jpg
607,69,67,475,475,1,real_01079.jpg
608,130,169,400,400,2,real_00373.jpg
609,95,175,368,368,2,real_00415.jpg
610,71,123,414,414,1,real_01045.jpg
611,0,0,0,0,0,0
612,55,90,440,440,1,real_00429.jpg
613,53,90,453,453,1,real_00398.jpg
614,56,72,445,445,1,real_00399.jpg
615,174,181,356,356,1,real_01050.jpg
616,0,0,0,0,0,0
617,167,162,380,380,1,real_01044.jpg
618,160,151,398,398,2,real_00372.jpg
619,170,248,329,329,1,real_00414.jpg
620,69,56,453,453,1,real_00400.jpg
621,65,76,468,468,1,real_01078.jpg
622,0,0,0,0,0,0
623,71,101,462,462,1,real_00831.jpg
624,39,21,493,493,1,real_00825.jpg
625,60,126,414,414,1,real_00819.jpg
626,44,102,472,472,1,real_00158.jpg
627,48,162,337,337,1,real_00616.jpg
628,53,131,446,446,1,real_00170.jpg
629,88,125,428,428,1,real_00164.jpg
630,0,0,0,0,0,0
631,54,87,466,466,1,real_00945.jpg
632,0,0,0,0,0,0
633,68,89,411,411,1,real_00789.jpg
634,95,151,405,405,1,real_00979.jpg
635,371,206,187,187,2,real_00986.jpg
636,115,165,379,379,1,real_00038.jpg
637,151,118,435,435,1,real_00992.jpg
638,0,0,0,0,0,0
639,134,173,356,356,1,real_00004.jpg
640,17,84,448,448,1,real_00010.jpg
641,99,181,400,400,1,real_00776.jpg
642,76,164,416,416,1,real_00480(1).jpg
643,61,106,463,463,1,real_00548.jpg
644,57,140,418,418,1,real_00206.jpg
645,0,0,0,0,0,0
646,96,176,389,389,1,real_00574.jpg
647,24,207,72,72,1,real_00212.jpg
648,88,118,430,430,1,real_00562.jpg
649,35,33,489,489,1,real_00204.jpg
650,56,120,419,419,1,real_00210.jpg
651,9,34,433,433,1,real_00576.jpg
652,18,26,520,520,1,real_00238.jpg
653,46,440,46,46,1,real_00589.jpg
654,61,62,472,472,1,real_00006.jpg
655,90,171,391,391,1,real_00760.jpg
656,104,192,369,369,1,real_00774.jpg
657,113,188,375,375,1,real_00012.jpg
658,0,0,0,0,0,0
659,0,0,0,0,0,0
660,64,190,349,349,1,real_00748.jpg
661,522,138,66,66,1,real_00947.jpg
662,0,0,0,0,0,0
663,0,0,0,0,0,0
664,74,135,400,400,1,real_00172.jpg
665,0,0,0,0,0,0
666,107,158,402,402,1,real_00600.jpg
667,120,169,363,363,1,real_00166.jpg
668,0,0,0,0,0,0
669,68,53,466,466,1,real_00833.jpg
670,127,147,362,362,2,real_00827.jpg
671,0,0,0,0,0,0
672,93,187,348,348,1,real_00416.jpg
673,51,139,417,417,1,real_00370.jpg
674,0,0,0,0,0,0
675,0,0,0,0,0,0
676,0,0,0,0,0,0
677,126,163,418,418,2,real_00358.jpg
678,144,177,381,381,1,real_01046.jpg
679,0,0,0,0,0,0
680,99,173,396,396,1,real_00359.jpg
681,68,50,471,471,1,real_01053.jpg
682,62,145,427,427,1,real_00365.jpg
683,108,235,349,349,1,real_00403.jpg
684,151,135,203,203,1,real_00417.jpg
685,114,32,439,439,1,real_00371.jpg
686,111,179,348,348,1,real_00826.jpg
687,0,0,0,0,0,0
688,65,122,422,422,1,real_00832.jpg
689,162,82,167,167,2,real_00629.jpg
690,90,203,334,334,1,real_00601.jpg
691,112,167,390,390,1,real_00167.jpg
692,65,145,412,412,1,real_00173.jpg
693,69,117,443,443,1,real_00615.jpg
694,0,0,0,0,0,0
695,0,0,0,0,0,0
696,49,123,421,421,1,real_00749.jpg
697,38,122,413,413,1,real_00991.jpg
698,79,114,442,442,1,real_00985.jpg
699,0,0,0,0,0,0
700,0,0,0,0,0,0
701,0,0,0,0,0,0
702,66,27,493,493,1,real_00761.jpg
703,139,151,404,404,1,real_00588.jpg
704,105,180,386,386,1,real_00239.jpg
705,154,137,380,380,1,real_00211.jpg
706,60,304,51,51,1,real_00577.jpg
707,40,174,332,332,1,real_00563.jpg
708,99,203,364,364,1,real_00205.jpg
709,84,161,395,395,1,real_00229.jpg
710,89,104,57,57,1,real_01013(1).jpg
711,56,52,489,489,1,real_00201.jpg
712,123,153,393,393,1,real_00567.jpg
713,100,141,375,375,1,real_00573.jpg
714,0,0,0,0,0,0
715,0,0,0,0,0,0
716,115,171,394,394,1,real_00981.jpg
717,217,197,330,330,1,real_00759.jpg
718,15,71,455,455,1,real_00995.jpg
719,49,90,463,463,1,real_00765.jpg
720,33,121,362,362,1,real_00003.jpg
721,84,125,447,447,1,real_00017.jpg
722,111,165,365,365,1,real_00771.jpg
723,0,0,0,0,0,0
724,186,170,360,360,1,real_00956.jpg
725,33,76,477,477,1,real_00639.jpg
726,0,0,0,0,0,0
727,123,220,100,100,2,real_00177.jpg
728,32,131,427,427,1,real_00163.jpg
729,244,386,159,159,1,real_00605.jpg
730,21,77,454,454,1,real_00836.jpg
731,106,125,410,410,1,real_00188.jpg
732,93,119,401,401,1,real_00822.jpg
733,65,164,402,402,1,real_00349.jpg
734,113,156,398,398,1,real_01057.jpg
735,42,138,403,403,1,real_01043.jpg
736,0,0,0,0,0,0
737,6,300,54,54,1,real_00413.jpg
738,61,103,422,422,1,real_00407.jpg
739,59,81,444,444,1,real_00361.jpg
740,51,87,447,447,1,real_01080.jpg
741,0,0,0,0,0,0
742,79,128,378,378,1,real_00406.jpg
743,63,105,442,442,1,real_00360.jpg
744,0,0,0,0,0,0
745,114,117,398,398,1,real_00412.jpg
746,45,136,396,396,1,real_01042.jpg
747,118,150,375,375,1,real_01056.jpg
748,71,68,456,456,1,real_00348.jpg
749,103,200,354,354,1,real_00823.jpg
750,504,109,67,67,2,real_00837.jpg
751,142,153,371,371,1,real_00189.jpg
752,0,0,0,0,0,0
753,115,189,374,374,1,real_00604.jpg
754,37,123,394,394,1,real_00610.jpg
755,64,161,403,403,1,real_00176.jpg
756,0,0,0,0,0,0
757,0,0,0,0,0,0
758,112,194,388,388,1,real_00943.jpg
759,0,0,0,0,0,0
760,44,143,412,412,1,real_00770.jpg
761,67,108,448,448,1,real_00764.jpg
762,80,140,436,436,1,real_00002.jpg
763,117,43,465,465,1,real_00994.jpg
764,42,155,400,400,1,real_00758.jpg
765,22,504,75,75,1,real_00980.jpg
766,61,114,437,437,1,real_00599.jpg
767,162,226,347,347,1,real_00572.jpg
768,62,135,434,434,1,real_00214.jpg
769,101,37,422,422,1,real_00200.jpg
770,174,132,375,375,1,real_00566.jpg
771,0,0,0,0,0,0
772,112,188,372,372,1,real_00558.jpg
773,101,168,386,386,1,real_00216.jpg
774,44,130,400,400,1,real_00570.jpg
775,50,157,419,419,1,real_00564.jpg
776,0,0,0,0,0,0
777,30,28,539,539,1,real_00996.jpg
778,65,84,440,440,1,real_00028.jpg
779,18,92,458,458,1,real_00982.jpg
780,0,0,0,0,0,0
781,75,108,441,441,1,real_00014.jpg
782,59,141,402,402,1,real_00766.jpg
783,86,152,388,388,1,real_00955.jpg
784,55,106,456,456,1,real_00799.jpg
785,125,133,415,415,1,real_00941.jpg
786,0,0,0,0,0,0
787,0,0,0,0,0,0
788,103,177,376,376,2,real_00606.jpg
789,100,177,368,368,1,real_00160.jpg
790,89,102,428,428,1,real_00174.jpg
791,77,125,442,442,1,real_00612.jpg
792,165,140,354,354,1,real_00821.jpg
793,146,113,392,392,1,real_00835.jpg
794,83,99,411,411,1,real_00809.jpg
795,112,134,414,414,1,real_01040.jpg
796,141,125,411,411,1,real_00438.jpg
797,0,0,0,0,0,0
798,223,210,295,295,1,real_00362.jpg
799,106,165,410,410,1,real_00404.jpg
800,109,70,418,418,1,real_00410.jpg
801,84,172,392,392,1,real_00376.jpg
802,89,164,382,382,1,real_01068.jpg
803,0,0,0,0,0,0
804,42,182,394,394,1,real_00388.jpg
805,90,136,410,410,1,real_00411.jpg
806,54,205,354,354,1,real_01069.jpg
807,109,167,398,398,1,real_00377.jpg
808,144,189,393,393,1,real_00363.jpg
809,35,124,425,425,2,real_00405.jpg
810,101,165,392,392,1,real_01055.jpg
811,139,122,415,415,1,real_01041.jpg
812,33,115,385,385,1,real_00439.jpg
813,139,133,409,409,1,real_00808.jpg
814,131,236,336,336,1,real_00834.jpg
815,79,107,438,438,1,real_00820.jpg
816,65,116,427,427,1,real_00175.jpg
817,0,0,0,0,0,0
818,0,0,0,0,0,0
819,56,240,116,116,1,real_00161.jpg
820,72,190,299,299,1,real_00149.jpg
821,36,82,441,441,1,real_00968.jpg
822,90,71,438,438,1,real_00940.jpg
823,0,0,0,0,0,0
824,70,8,508,508,1,real_00954.jpg
825,146,140,428,428,1,real_00001.jpg
826,100,135,408,408,1,real_00767.jpg
827,70,156,383,383,1,real_00773.jpg
828,66,92,455,455,1,real_00015.jpg
829,85,89,472,472,1,real_00983.jpg
830,119,422,80,80,1,real_00997.jpg
831,0,0,0,0,0,0
832,85,109,408,408,1,real_00565.jpg
833,69,5,469,469,1,real_00203.jpg
834,0,0,0,0,0,0
835,73,95,443,443,1,real_00571.jpg
836,121,187,385,385,1,real_00559.jpg
837,123,179,412,412,1,real_00270.jpg
838,39,123,450,450,1,real_00516.jpg
839,89,164,404,404,1,real_00502.jpg
840,83,121,427,427,1,real_00264.jpg
841,81,58,441,441,1,real_00258.jpg
842,60,113,420,420,1,real_00714.jpg
843,0,0,0,0,0,0
844,0,0,0,0,0,0
845,0,0,0,0,0,0
846,32,21,526,526,1,real_00728.jpg
847,87,108,426,426,1,real_00933.jpg
848,0,0,0,0,0,0
849,187,168,365,365,1,real_00927.jpg
850,146,159,402,402,1,real_00660.jpg
851,76,67,477,477,1,real_00106.jpg
852,167,139,367,367,1,real_00112.jpg
853,156,366,78,78,1,real_00674.jpg
854,0,0,0,0,0,0
855,66,92,459,459,1,real_00648.jpg
856,0,0,0,0,0,0
857,52,63,505,505,1,real_00847.jpg
858,0,0,0,0,0,0
859,112,8,49,49,2,real_00304.jpg
860,117,210,345,345,1,real_00462.jpg
861,142,130,421,421,1,real_00476.jpg
862,23,138,394,394,1,real_00310.jpg
863,0,0,0,0,0,0
864,124,156,401,401,1,real_01026.jpg
865,35,28,473,473,1,real_01032.jpg
866,67,189,355,355,1,real_00489.jpg
867,0,0,0,0,0,0
868,40,141,392,392,1,real_01033.jpg
869,117,86,438,438,1,real_01027.jpg
870,0,0,0,0,0,0
871,102,167,382,382,1,real_00477.jpg
872,48,133,429,429,1,real_00311.jpg
873,494,51,66,66,2,real_00305.jpg
874,0,0,0,0,0,0
875,0,0,0,0,0,0
876,76,111,446,446,1,real_00846.jpg
877,74,155,334,334,1,real_00891.jpg
878,118,23,471,471,1,real_00649.jpg
879,70,77,481,481,1,real_00885.jpg
880,79,108,476,476,1,real_00113.jpg
881,62,64,468,468,1,real_00675.jpg
882,0,0,0,0,0,0
883,79,156,388,388,1,real_00107.jpg
884,0,0,0,0,0,0
885,134,215,370,370,1,real_00926.jpg
886,32,62,474,474,1,real_00932.jpg
887,0,0,0,0,0,0
888,79,83,460,460,1,real_00067.jpg
889,77,144,416,416,1,real_00701.jpg
890,135,90,419,419,1,real_00715.jpg
891,38,154,416,416,1,real_00073.jpg
892,0,0,0,0,0,0
893,68,116,436,436,1,real_00503.jpg
894,67,75,459,459,1,real_00265.jpg
895,54,95,459,459,1,real_00271.jpg
896,74,113,417,417,1,real_00517.jpg
897,159,197,359,359,1,real_00267.jpg
898,9,75,432,432,1,real_00501.jpg
899,31,64,414,414,1,real_00515.jpg
900,108,145,420,420,1,real_00273.jpg
901,0,0,0,0,0,0
902,103,207,350,350,1,real_00298.jpg
903,89,137,420,420,1,real_00494(1).jpg
904,66,41,488,488,1,real_00703.jpg
905,89,125,431,431,1,real_00065.jpg
906,98,162,375,375,1,real_00071.jpg
907,219,153,354,354,1,real_00717.jpg
908,72,139,424,424,1,real_00059.jpg
909,36,35,478,478,1,real_00918.jpg
910,25,10,508,508,1,real_00924.jpg
911,149,153,366,366,1,real_00930.jpg
912,102,135,411,411,1,real_00677.jpg
913,35,177,344,344,1,real_00111.jpg
914,0,0,0,0,0,0
915,134,66,433,433,1,real_00663.jpg
916,137,112,419,419,1,real_00893.jpg
917,102,128,446,446,1,real_00139.jpg
918,81,84,454,454,1,real_00887.jpg
919,111,173,391,391,1,real_00878.jpg
920,112,68,441,441,1,real_00850.jpg
921,89,243,147,147,1,real_00688.jpg
922,153,109,399,399,1,real_00844.jpg
923,80,108,422,422,1,real_00313.jpg
924,75,166,395,395,1,real_00475.jpg
925,64,51,466,466,1,real_00461.jpg
926,43,98,421,421,1,real_00307.jpg
927,111,113,458,458,1,real_01019.jpg
928,138,166,373,373,1,real_01031.jpg
929,69,136,437,437,1,real_00449.jpg
930,0,0,0,0,0,0
931,52,57,511,511,1,real_01024.jpg
932,150,161,384,384,1,real_01030.jpg
933,100,161,403,403,1,real_00448.jpg
934,78,92,435,435,1,real_00460.jpg
935,86,103,467,467,1,real_01018.jpg
936,100,199,350,350,1,real_00306.jpg
937,90,213,374,374,1,real_00312.jpg
938,83,179,395,395,1,real_00474.jpg
939,62,122,386,386,1,real_00845.jpg
940,110,175,379,379,1,real_00689.jpg
941,0,0,0,0,0,0
942,132,163,389,389,1,real_00879.jpg
943,72,109,401,401,1,real_00138.jpg
944,72,131,407,407,1,real_00886.jpg
945,93,80,431,431,1,real_00892.jpg
946,28,1,55,55,2,real_00104.jpg
947,69,181,376,376,1,real_00662.jpg
948,115,137,419,419,1,real_00676.jpg
949,70,121,405,405,1,real_00110.jpg
950,61,77,474,474,1,real_00931.jpg
951,70,131,405,405,1,real_00925.jpg
952,131,139,380,380,1,real_00919.jpg
953,43,46,517,517,1,real_00058.jpg
954,0,0,0,0,0,0
955,278,294,95,95,1,real_00716.jpg
956,36,108,437,437,1,real_00702.jpg
957,0,0,0,0,0,0
958,30,179,381,381,1,real_00299.jpg
959,86,88,449,449,1,real_00528.jpg
960,0,0,0,0,0,0
961,27,51,477,477,1,real_00272.jpg
962,16,144,400,400,1,real_00266.jpg
963,68,107,417,417,1,real_00500.jpg
964,0,0,0,0,0,0
965,50,100,435,435,1,real_00504.jpg
966,89,83,52,52,2,real_00262.jpg
967,87,187,337,337,1,real_00276.jpg
968,0,0,0,0,0,0
969,59,168,402,402,1,real_00289.jpg
970,117,134,390,390,1,real_00048.jpg
971,80,19,474,474,1,real_00060.jpg
972,287,419,62,62,1,real_00706.jpg
973,140,180,350,350,1,real_00712.jpg
974,148,148,425,425,1,real_00074.jpg
975,0,0,0,0,0,0
976,0,0,0,0,0,0
977,73,120,426,426,1,real_00909.jpg
978,52,24,510,510,1,real_00128.jpg
979,52,69,440,440,1,real_00896.jpg
980,59,93,464,464,1,real_00882.jpg
981,53,108,401,401,1,real_00114.jpg
982,323,178,149,149,1,real_00672.jpg
983,407,21,133,133,1,real_00666.jpg
984,24,92,469,469,1,real_00100.jpg
985,156,111,379,379,1,real_00855.jpg
986,40,95,447,447,1,real_00841.jpg
987,101,170,383,383,1,real_00699.jpg
988,56,32,488,488,1,real_00869.jpg
989,0,0,0,0,0,0
990,79,177,396,396,1,real_01020.jpg
991,60,62,479,479,1,real_00458.jpg
992,47,86,467,467,1,real_00470.jpg
993,0,0,0,0,0,0
994,117,179,368,368,1,real_01008.jpg
995,70,143,369,369,1,real_00302.jpg
996,132,162,349,349,1,real_00464.jpg
997,112,188,370,370,1,real_00303.jpg
998,71,192,342,342,1,real_00465.jpg
999,0,0,0,0,0,0
1000,125,153,412,412,1,real_01009.jpg
1001,108,180,401,401,1,real_00317.jpg
1002,81,97,457,457,1,real_01021.jpg
1003,121,206,350,350,1,real_00459.jpg
1004,0,0,0,0,0,0
1005,74,109,430,430,1,real_00868.jpg
1006,89,110,406,406,1,real_00698.jpg
1007,161,138,403,403,1,real_00840.jpg
1008,77,110,418,418,1,real_00854.jpg
1009,69,92,462,462,1,real_00667.jpg
1010,61,69,477,477,1,real_00101.jpg
1011,89,124,413,413,1,real_00115.jpg
1012,79,125,413,413,1,real_00673.jpg
1013,0,0,0,0,0,0
1014,26,33,471,471,1,real_00129.jpg
1015,0,0,0,0,0,0
1016,82,132,401,401,1,real_00908.jpg
1017,108,153,423,423,1,real_00934.jpg
1018,94,114,456,456,1,real_00920.jpg
1019,123,94,421,421,1,real_00713.jpg
1020,29,112,429,429,1,real_00075.jpg
1021,52,32,485,485,1,real_00061.jpg
1022,153,132,415,415,1,real_00707.jpg
1023,92,179,383,383,2,real_00049.jpg
1024,0,0,0,0,0,0
1025,116,187,375,375,1,real_00277.jpg
1026,0,0,0,0,0,0
1027,87,76,401,401,1,real_00505.jpg
1028,91,172,401,401,1,real_00263.jpg
1029,92,84,453,453,1,real_00539.jpg
1030,65,120,427,427,1,real_00249.jpg
1031,408,2,107,107,2,real_00513.jpg
1032,0,0,0,0,0,0
1033,111,190,398,398,1,real_00261.jpg
1034,46,85,479,479,1,real_00507.jpg
1035,126,165,394,394,1,real_00739.jpg
1036,0,0,0,0,0,0
1037,0,0,0,0,0,0
1038,0,0,0,0,0,0
1039,12,65,465,465,1,real_00063.jpg
1040,108,129,447,447,1,real_00088.jpg
1041,95,132,432,432,1,real_00936.jpg
1042,439,188,127,127,2,real_00922.jpg
1043,167,206,359,359,1,real_00659.jpg
1044,65,161,397,397,1,real_00881.jpg
1045,0,0,0,0,0,0
1046,301,121,60,60,1,real_00103.jpg
1047,39,133,398,398,1,real_00665.jpg
1048,0,0,0,0,0,0
1049,158,188,346,346,1,real_00117.jpg
1050,159,126,386,386,1,real_00842.jpg
1051,0,0,0,0,0,0
1052,28,126,412,412,1,real_01023.jpg
1053,95,43,478,478,1,real_00329.jpg
1054,160,178,350,350,1,real_01037.jpg
1055,108,171,368,368,1,real_00467.jpg
1056,79,188,365,365,1,real_00301.jpg
1057,110,200,381,381,1,real_00315.jpg
1058,51,75,446,446,1,real_00473.jpg
1059,76,85,478,478,1,real_00498.jpg
1060,56,179,380,380,1,real_00499.jpg
1061,126,241,238,238,1,real_00314.jpg
1062,102,134,402,402,1,real_00472.jpg
1063,0,0,0,0,0,0
1064,100,177,392,392,1,real_00300.jpg
1065,56,166,341,341,1,real_01036.jpg
1066,36,97,476,476,1,real_00328.jpg
1067,123,180,357,357,1,real_01022.jpg
1068,0,0,0,0,0,0
1069,77,178,362,362,1,real_00843.jpg
1070,37,33,483,483,1,real_00670.jpg
1071,132,159,372,372,1,real_00116.jpg
1072,86,112,441,441,1,real_00102.jpg
1073,139,109,417,417,1,real_00664.jpg
1074,300,280,75,75,1,real_00894.jpg
1075,224,326,62,62,1,real_00880.jpg
1076,95,215,377,377,1,real_00658.jpg
1077,133,258,322,322,1,real_00923.jpg
1078,102,185,405,405,1,real_00089.jpg
1079,91,196,357,357,1,real_00937.jpg
1080,399,314,51,51,1,real_00704.jpg
1081,141,188,378,378,1,real_00062.jpg
1082,67,56,461,461,1,real_00076.jpg
1083,63,208,370,370,1,real_00710.jpg
1084,148,185,376,376,1,real_00738.jpg
1085,79,123,412,412,1,real_00260.jpg
1086,92,53,485,485,1,real_00506.jpg
1087,57,26,494,494,1,real_00512.jpg
1088,80,156,426,426,1,real_00274.jpg
1089,74,54,464,464,1,real_01007(1).jpg
1090,129,180,362,362,1,real_00248.jpg
